{
  "soft_targets": {
    "targets": {
      "top1": {
        "avg_run_length": 2.1455342902711325,
        "runs_count": 3.6555023923444976,
        "avg_position": 6.606157352748262,
        "run_share_len1": 0.4768341307814992,
        "run_share_len2": 0.23516746411483253,
        "run_share_len3p": 0.28799840510366825,
        "first_occurrence": 1.3803827751196172,
        "last_occurrence": 12.552631578947368,
        "avg_gap": 1.9221714755207577
      },
      "top2": {
        "avg_run_length": 1.4166666666666667,
        "runs_count": 2.8157894736842106,
        "avg_position": 6.782596643122959,
        "run_share_len1": 0.6906698564593301,
        "run_share_len2": 0.21614832535885167,
        "run_share_len3p": 0.0812200956937799,
        "first_occurrence": 3.117224880382775,
        "last_occurrence": 10.665071770334928,
        "avg_gap": 2.7371933621933624
      },
      "top3": {
        "avg_run_length": 1.2248006379585328,
        "runs_count": 2.2655502392344498,
        "avg_position": 6.009221918432445,
        "run_share_len1": 0.7668261562998405,
        "run_share_len2": 0.16220095693779904,
        "run_share_len3p": 0.04226475279106858,
        "first_occurrence": 3.27511961722488,
        "last_occurrence": 8.930622009569378,
        "avg_gap": 2.7941330599225336
      }
    },
    "metric_summary": {
      "top1": {
        "avg_run_length": {
          "mean": 2.1455342902711325,
          "std": 0.9351976390883626
        },
        "runs_count": {
          "mean": 3.6555023923444976,
          "std": 0.9413320813160735
        },
        "avg_position": {
          "mean": 6.606157352748262,
          "std": 1.1317787181726486
        },
        "run_share_len1": {
          "mean": 0.4768341307814992,
          "std": 0.2652968177617583
        },
        "run_share_len2": {
          "mean": 0.23516746411483253,
          "std": 0.22453646770988928
        },
        "run_share_len3p": {
          "mean": 0.28799840510366825,
          "std": 0.23615328778089534
        },
        "first_occurrence": {
          "mean": 1.3803827751196172,
          "std": 0.7648359406844278
        },
        "last_occurrence": {
          "mean": 12.552631578947368,
          "std": 1.7494647884664927
        },
        "avg_gap": {
          "mean": 1.9221714755207577,
          "std": 0.6670313456709784
        }
      },
      "top2": {
        "avg_run_length": {
          "mean": 1.4166666666666667,
          "std": 0.6310659909667223
        },
        "runs_count": {
          "mean": 2.8157894736842106,
          "std": 1.1247708852008114
        },
        "avg_position": {
          "mean": 6.782596643122959,
          "std": 2.019452107020711
        },
        "run_share_len1": {
          "mean": 0.6906698564593301,
          "std": 0.30823687527888555
        },
        "run_share_len2": {
          "mean": 0.21614832535885167,
          "std": 0.2654034520379396
        },
        "run_share_len3p": {
          "mean": 0.0812200956937799,
          "std": 0.19766089601671913
        },
        "first_occurrence": {
          "mean": 3.117224880382775,
          "std": 2.305213552708619
        },
        "last_occurrence": {
          "mean": 10.665071770334928,
          "std": 3.14677249701326
        },
        "avg_gap": {
          "mean": 2.7371933621933624,
          "std": 1.8057393487090805
        }
      },
      "top3": {
        "avg_run_length": {
          "mean": 1.2248006379585328,
          "std": 0.4440600046617085
        },
        "runs_count": {
          "mean": 2.2655502392344498,
          "std": 1.0136908773607665
        },
        "avg_position": {
          "mean": 6.009221918432445,
          "std": 2.640327488554601
        },
        "run_share_len1": {
          "mean": 0.7668261562998405,
          "std": 0.3177790017726611
        },
        "run_share_len2": {
          "mean": 0.16220095693779904,
          "std": 0.26551534559123413
        },
        "run_share_len3p": {
          "mean": 0.04226475279106858,
          "std": 0.14585346573837304
        },
        "first_occurrence": {
          "mean": 3.27511961722488,
          "std": 2.8162894435250894
        },
        "last_occurrence": {
          "mean": 8.930622009569378,
          "std": 3.672276857271709
        },
        "avg_gap": {
          "mean": 2.7941330599225336,
          "std": 2.1693073398867417
        }
      }
    },
    "metric_weights": {
      "top1": {
        "avg_run_length": 1.151863913977994,
        "runs_count": 1.0537580812369933,
        "avg_position": 0.8581824494388556,
        "run_share_len1": 1.444749813479668,
        "run_share_len2": 1.6019801854508644,
        "run_share_len3p": 1.2948225894264604,
        "first_occurrence": 0.601200691337642,
        "last_occurrence": 0.28955524910995334,
        "avg_gap": 0.6119716246497008
      },
      "top2": {
        "avg_run_length": 1.2162864738537504,
        "runs_count": 0.7844546903363522,
        "avg_position": 0.46094587511926727,
        "run_share_len1": 1.5275942154894802,
        "run_share_len2": 1.6851087697173677,
        "run_share_len3p": 1.7258196330804652,
        "first_occurrence": 0.26474275497661404,
        "last_occurrence": 0.19716252807522303,
        "avg_gap": 0.30678934817977677
      },
      "top3": {
        "avg_run_length": 1.1783321457545686,
        "runs_count": 0.5585675823756481,
        "avg_position": 0.48381417791906023,
        "run_share_len1": 1.1757688949605696,
        "run_share_len2": 1.2033249922179243,
        "run_share_len3p": 1.8590284167445652,
        "first_occurrence": 0.33712151799037404,
        "last_occurrence": 0.26162416730686194,
        "avg_gap": 0.40960505046579604
      }
    },
    "normalization": "weighted_mean_std",
    "std_epsilon": 0.05,
    "global_coefficient": 0.12,
    "expected_tolerance": 0.1
  },
  "base_hit_rates": {
    "1": 0.4531784005468216,
    "X": 0.28298017771701983,
    "2": 0.2638414217361586
  },
  "total_rows": 5852
}