{
  "accuracy": 0.5163785259326661,
  "log_loss": 0.9897117446333497,
  "brier_score": {
    "1": 0.2175964924467673,
    "X": 0.19788336999453707,
    "2": 0.1754416210167327
  }
}