{
  "meta": {
    "history_rows": 5894,
    "unique_concursos": 421
  },
  "hit_rate": {
    "top1": 0.5184933831014591,
    "top2": 0.2775704105870377,
    "top3": 0.20393620631150322
  },
  "targets": {
    "top1": {
      "avg_length": 2.1448931116389547,
      "avg_count": 3.65083135391924,
      "avg_position": 6.600254410408804,
      "avg_length_std": 0.9327631843146066,
      "avg_count_std": 0.9421159399153508,
      "avg_position_std": 1.135094221565288
    },
    "top2": {
      "avg_length": 1.414885193982581,
      "avg_count": 2.821852731591449,
      "avg_position": 6.79265731629152,
      "avg_length_std": 0.6294795604613652,
      "avg_count_std": 1.1237439067068213,
      "avg_position_std": 2.016222569915985
    },
    "top3": {
      "avg_length": 1.2326999208234362,
      "avg_count": 2.2612826603325415,
      "avg_position": 6.005593258681144,
      "avg_length_std": 0.4591432000762873,
      "avg_count_std": 1.0121106416701666,
      "avg_position_std": 2.6328312671756744
    }
  },
  "hard_constraints": {
    "top1": 9,
    "top2": 5,
    "top3": 4,
    "secos": 12,
    "triplos": 2
  },
  "soft_slot_weights": {
    "top1": 1.0,
    "top2": 1.0,
    "top3": 1.15
  }
}