{
  "meta": {
    "n_buckets": 10,
    "calibration_weight": 0.35,
    "raw_weight": 0.65
  },
  "soft_targets": {
    "top1": {
      "avg_run_length": 2.1455342902711325,
      "runs_count": 3.6555023923444976
    },
    "top2": {
      "avg_run_length": 1.4166666666666667,
      "runs_count": 2.8157894736842106
    },
    "top3": {
      "avg_run_length": 1.2248006379585328,
      "runs_count": 2.2655502392344498
    }
  },
  "base_hit_rates": {
    "1": 0.4531784005468216,
    "X": 0.28298017771701983,
    "2": 0.2638414217361586
  },
  "calibration": {
    "1": {
      "0": 0.044444444444444446,
      "1": 0.13636363636363635,
      "2": 0.2314540059347181,
      "3": 0.36171875,
      "4": 0.4493589743589744,
      "5": 0.5954631379962193,
      "6": 0.6790540540540541,
      "7": 0.7543859649122807,
      "8": 0.9459459459459459,
      "9": 1.0
    },
    "X": {
      "0": 0.02857142857142857,
      "1": 0.1642156862745098,
      "2": 0.27728830151737643,
      "3": 0.3439153439153439,
      "4": 0.0,
      "5": 0.0,
      "6": 0.0,
      "7": 0.0,
      "8": 0.0,
      "9": 0.0
    },
    "2": {
      "0": 0.056856187290969896,
      "1": 0.12979351032448377,
      "2": 0.22311827956989247,
      "3": 0.29609375,
      "4": 0.45794392523364486,
      "5": 0.5351681957186545,
      "6": 0.6643356643356644,
      "7": 0.7857142857142857,
      "8": 0.9,
      "9": 0.0
    }
  }
}